CWE-ID,Name,Weakness Abstraction,Status,Description
20,Improper Input Validation,Class,Stable,"The product receives input or data, but it does not validate or incorrectly validates that the input has the properties that are required to process the data safely and correctly."
22,Improper Limitation of a Pathname to a Restricted Directory ('Path Traversal'),Base,Stable,"The product uses external input to construct a pathname that is intended to identify a file or directory that is located underneath a restricted parent directory, but the product does not properly neutralize special elements within the pathname that can cause the pathname to resolve to a location that is outside of the restricted directory."
77,Improper Neutralization of Special Elements used in a Command ('Command Injection'),Class,Draft,"The product constructs all or part of a command using externally-influenced input from an upstream component, but it does not neutralize or incorrectly neutralizes special elements that could modify the intended command when it is sent to a downstream component."
78,Improper Neutralization of Special Elements used in an OS Command ('OS Command Injection'),Base,Stable,"The product constructs all or part of an OS command using externally-influenced input from an upstream component, but it does not neutralize or incorrectly neutralizes special elements that could modify the intended OS command when it is sent to a downstream component."
79,Improper Neutralization of Input During Web Page Generation ('Cross-site Scripting'),Base,Stable,The product does not neutralize or incorrectly neutralizes user-controllable input before it is placed in output that is used as a web page that is served to other users.
89,Improper Neutralization of Special Elements used in an SQL Command ('SQL Injection'),Base,Stable,"The product constructs all or part of an SQL command using externally-influenced input from an upstream component, but it does not neutralize or incorrectly neutralizes special elements that could modify the intended SQL command when it is sent to a downstream component. Without sufficient removal or quoting of SQL syntax in user-controllable inputs, the generated SQL query can cause those inputs to be interpreted as SQL instead of ordinary user data."
94,Improper Control of Generation of Code ('Code Injection'),Base,Draft,"The product constructs all or part of a code segment using externally-influenced input from an upstream component, but it does not neutralize or incorrectly neutralizes special elements that could modify the syntax or behavior of the intended code segment."
120,Buffer Copy without Checking Size of Input ('Classic Buffer Overflow'),Base,Incomplete,The product copies an input buffer to an output buffer without verifying that the size of the input buffer is less than the size of the output buffer.
121,Stack-based Buffer Overflow,Variant,Draft,"A stack-based buffer overflow condition is a condition where the buffer being overwritten is allocated on the stack (i.e., is a local variable or, rarely, a parameter to a function)."
122,Heap-based Buffer Overflow,Variant,Draft,"A heap overflow condition is a buffer overflow, where the buffer that can be overwritten is allocated in the heap portion of memory, generally meaning that the buffer was allocated using a routine such as malloc()."
125,Out-of-bounds Read,Base,Draft,"The product reads data past the end, or before the beginning, of the intended buffer."
200,Exposure of Sensitive Information to an Unauthorized Actor,Class,Draft,The product exposes sensitive information to an actor that is not explicitly authorized to have access to that information.
284,Improper Access Control,Pillar,Incomplete,The product does not restrict or incorrectly restricts access to a resource from an unauthorized actor.
306,Missing Authentication for Critical Function,Base,Draft,The product does not perform any authentication for functionality that requires a provable user identity or consumes a significant amount of resources.
352,Cross-Site Request Forgery (CSRF),Compound,Stable,"The web application does not, or cannot, sufficiently verify whether a request was intentionally provided by the user who sent the request, which could have originated from an unauthorized actor."
416,Use After Free,Variant,Stable,"The product reuses or references memory after it has been freed. At some point afterward, the memory may be allocated again and saved in another pointer, while the original pointer references a location somewhere within the new allocation. Any operations using the original pointer are no longer valid because the memory belongs to the code that operates on the new pointer."
434,Unrestricted Upload of File with Dangerous Type,Base,Draft,The product allows the upload or transfer of dangerous file types that are automatically processed within its environment.
476,NULL Pointer Dereference,Base,Stable,The product dereferences a pointer that it expects to be valid but is NULL.
502,Deserialization of Untrusted Data,Base,Draft,The product deserializes untrusted data without sufficiently ensuring that the resulting data will be valid.
639,Authorization Bypass Through User-Controlled Key,Base,Incomplete,The system's authorization functionality does not prevent one user from gaining access to another user's data or record by modifying the key value identifying the data.
770,Allocation of Resources Without Limits or Throttling,Base,Incomplete,The product allocates a reusable resource or group of resources on behalf of an actor without imposing any intended restrictions on the size or number of resources that can be allocated.
787,Out-of-bounds Write,Base,Draft,"The product writes data past the end, or before the beginning, of the intended buffer."
862,Missing Authorization,Class,Incomplete,The product does not perform an authorization check when an actor attempts to access a resource or perform an action.
863,Incorrect Authorization,Class,Incomplete,"The product performs an authorization check when an actor attempts to access a resource or perform an action, but it does not correctly perform the check."
918,Server-Side Request Forgery (SSRF),Base,Incomplete,"The web server receives a URL or similar request from an upstream component and retrieves the contents of this URL, but it does not sufficiently ensure that the request is being sent to the expected destination."
